,mean,mean,mean,mean,mean,mean,mean,mean,mean,mean,mean,mean,mean,mean,mean,mean,mean,mean,mean,mean,mean,mean,mean,mean,mean,mean,mean,mean,mean,mean,mean,mean,mean,mean,mean,mean,mean,mean,mean,mean,mean,mean,mean,mean,mean,mean,mean,mean,mean,mean,mean,mean,mean,mean,mean,mean,mean,mean,mean,mean,mean,mean,mean,mean,mean,mean
,expected_travel_time,expected_travel_time,expected_travel_time,expected_travel_time,expected_travel_time,expected_travel_time,expected_travel_time,expected_travel_time,expected_travel_time,expected_travel_time,expected_travel_time,expected_travel_time,expected_travel_time,expected_travel_time,expected_travel_time,expected_travel_time,expected_travel_time,expected_travel_time,expected_travel_time,expected_travel_time,expected_travel_time,expected_travel_time,expected_travel_time,expected_travel_time,expected_travel_time,expected_travel_time,expected_travel_time,expected_travel_time,expected_travel_time,expected_travel_time,expected_travel_time,expected_travel_time,expected_travel_time,expected_travel_time,expected_travel_time,expected_travel_time,expected_travel_time,expected_travel_time,expected_travel_time,expected_travel_time,expected_travel_time,expected_travel_time,expected_travel_time,expected_travel_time,expected_travel_time,expected_travel_time,expected_travel_time,expected_travel_time,expected_travel_time,expected_travel_time,expected_travel_time,expected_travel_time,expected_travel_time,expected_travel_time,expected_travel_time,expected_travel_time,expected_travel_time,expected_travel_time,expected_travel_time,expected_travel_time,expected_travel_time,expected_travel_time,expected_travel_time,expected_travel_time,expected_travel_time,expected_travel_time
dest_district_hash,08232402614a9b48895cc3d0aeb0e9f2,08f5b445ec6b29deba62e6fd8b0325a6,0a5fef95db34383403d11cb6af937309,1afd7afbc81ecc1b13886a569d869e8a,1c60154546102e6525f68cb4f31e0657,1cbfbdd079ef93e74405c53fcfff8567,1ecbb52d73c522f184a6fc53128b1ea1,2301bc920194c95cf0c7486e5675243c,2350be163432e42270d2670cb3c02f80,2407d482f0ffa22a947068f2551fe62c,2920ece99323b4c111d6f9affc7ea034,307afa4120c590b3a46cf4ff5415608a,364bf755f9b270f0f9141d1a61de43ee,38d5ad2d22b61109fd8e7b43cd0e8901,3a43dcdff3c0b66b1acb1644ff055f9d,3e12208dd0be281c92a6ab57d9a6fb32,445ff793ebd3477d4a2e0b36b2db9271,44c097b7bd219d104050abbafe51bd49,4725c39a5e5f4c188d382da3910b3f3f,49ac89aa860c27e26c0836cb8dab2df2,4b7f6f4e2bf237b6cc58f57142bea5c0,4b9e4cf2fbdc8281b8a1f9f12b80ce4d,4f4041f7db0c7f69892d9b74c1a7efa1,4f8d81b5c31af5d1ba579a65ddc8a5cb,52a4e8aaa12f70020e889aed8fd5ddbc,52d7b69796362a8ed1691a6cc02ddde4,52e56004d92b8c74d53e1e42699cba6f,58c7a4888306d8ff3a641d1c0feccbe3,62afaf3288e236b389af9cfdc5206415,693a21b16653871bbd455403da5412b4,73ff8ef735e1d68f0cdcbb84d788f2b6,74c1c25f4b283fa74a5514307b0d0278,74ec84f1cf75cf89ae176c8c6ceec5ba,7f84bdfc2b6d4541e1f6c0a3349e0251,825a21aa308dea206adb49c4b77c7805,825c426141df01d38c1b9e9c5330bdac,82cc4851f9e4faa4e54309f8bb73fd7c,8316146a6f78cc6d9f113f0390859417,87285a66236346350541b8815c5fae94,8bb37d24db1ad665e706c2655d9c4c72,90c5a34f06ac86aee0fd70e2adce7d8a,91690261186ae5bee8f83808ea1e4a01,929ec6c160e6f52c20a4217c7978f681,a5609739c6b5c2719a3752327c5e33a7,a735449c5c09df639c35a7d61fad3ee5,a814069db8d32f0fa6e188f41059c6e1,b05379ac3f9b7d99370d443cfd5dcc28,b26a240205c852804ff8758628c0a86a,b702e920dcd2765e624dc1ce3a770512,ba32abfc048219e933bee869741da911,bf44d327f0232325c6d5280926d7b37d,c4ec24e0a58ebedaa1661e5c09e47bb5,c9f855e3e13480aad0af64b418e810c3,ca064c2682ca48c6a21de012e87c0df5,cb6041cc08444746caf6039d8b9e43cb,d05052b4bda7662a084f235e880f50fa,d4ec2125aff74eded207d2d915ef682f,d524868ce69cb9db10fc5af177fb9423,d5cb17978de290c56e84c9cf97e63186,dd8d3b9665536d6e05b29c2648c0e69a,de092beab9305613aca8f79d7d7224e7,f2c8c4bb99e6377d21de71275afd6cd2,f47f35242ed40655814bc086d7514046,f9280c5dab6910ed44e518248048b9fe,fc34648599753c9e74ab238e9a4a07ad,fff4e8465d1e12621bc361276b6217cf
start_district_hash,,,,,,,,,,,,,,,,,,,,,,,,,,,,,,,,,,,,,,,,,,,,,,,,,,,,,,,,,,,,,,,,,,
08232402614a9b48895cc3d0aeb0e9f2,3.70832134673,,,39.4471344469,,31.7273726519,,27.7381221199,14.9630803307,36.9530575592,36.2284878032,39.1926368053,13.530791278,15.0824377517,37.233004965,9.50840472084,,34.118590076,21.7212203981,15.3971073164,,,32.1939516615,,33.515925522,8.33204691596,29.4877934059,16.446910088,29.2897353773,57.9767621171,11.2517322696,53.6565861024,55.5229021408,15.5604099697,,,20.226503039,27.014924655,32.3350104318,42.4586898724,43.3140847233,38.5705314591,26.8671746354,,,57.8557971887,21.5608616009,26.750529883,46.1913219491,,,6.9986851438,50.8571120449,36.5797943516,8.72999108575,42.4586898724,27.6243634233,15.1336274051,,45.7247429395,14.063036963,52.4568115064,34.9156625507,,29.301161802,27.2948720608
08f5b445ec6b29deba62e6fd8b0325a6,,3.88300237706,,10.7782976415,,34.6823730459,,35.4600047286,18.5076340469,12.562314529,15.4557449486,7.46526415338,43.951742703,45.316486306,,,,,24.8293221964,,6.87955858816,27.8081089714,,5.07787207412,,,7.93184316297,,19.1997262445,34.9122815434,,8.73461710764,15.5243561371,,27.3726352291,8.36218302618,31.5496282673,,52.7856386179,22.5513187967,49.7373224219,6.70063034901,32.9464984511,14.7905546039,,10.5123107466,40.3850053853,34.2935572046,21.3982787155,,,30.7942146327,,32.1356292853,,,21.7413699532,,,17.555932503,,67.65395639,,20.7627659266,,
0a5fef95db34383403d11cb6af937309,,,3.30176064437,34.7601362142,,62.7548767894,,,,,,,38.7260577957,60.6552712462,,,,,56.5338233282,,26.8282930512,,,,,69.986851438,,,42.7919605935,21.5898832618,76.0523785626,36.5020311833,,,26.3950411138,,47.0311641663,,58.3223761983,29.705530277,36.159873243,46.3468482856,53.812112439,33.2094471529,,27.5281615656,57.8557971887,,,,,,,43.8584269011,,,48.2442695912,,,27.3920760211,69.0536934188,,,,69.986851438,
1afd7afbc81ecc1b13886a569d869e8a,29.357642419,10.5748053705,42.2837227438,3.93794321501,37.4476313094,26.2883027571,135.059070642,32.7245186495,30.767552975,7.53471405573,6.04310778919,32.5009606498,40.9673440381,31.984335192,35.4668768225,31.9234300943,,31.9790062887,18.1117488267,27.6331418428,16.1279777583,13.2162501638,14.9682051094,6.93925244621,29.5878821289,38.6949525284,32.9435108404,29.6167887791,13.5876395066,44.5344184696,40.0169263889,12.9461323212,13.1189275579,43.4462821093,21.8744411321,14.5076767706,22.2348975264,44.7915849203,39.244019557,20.8814163354,34.3187592825,5.92994695816,15.2943661495,13.1985376228,41.5255318532,21.0330931466,27.3539055334,24.6737898012,10.9876088526,65.0100086691,95.5320522127,33.6282155369,40.1802290422,25.6427008849,41.7549331996,29.6182234472,12.9482077751,50.7404672925,19.3977936084,17.2596402816,50.4838488373,61.7284029683,30.5766414735,11.6586055129,26.5508451759,53.6565861024
1c60154546102e6525f68cb4f31e0657,,,37.5596102717,41.3155712989,4.41475176419,51.6036384602,,22.9790162221,27.5374931458,39.8963934781,35.3989905504,,6.08185905989,37.9039900169,62.4749293836,,,54.5430862206,26.2379691739,,34.9584322933,,,,18.8067935295,,52.7900822275,27.5281615656,27.4128274284,21.8886413628,,38.4389322513,,,28.22803008,,33.1916073673,,25.0212714287,21.8533943615,8.23207705209,41.6188476551,32.7524325972,34.7881309548,9.5119907421,,35.5533205305,46.804540076,61.1218502558,,,,11.4311857349,14.4355834142,,5.40588727288,31.2077247321,,,25.7105320326,,,63.4547453038,,28.8860673728,
1cbfbdd079ef93e74405c53fcfff8567,33.4910413081,38.9593473004,,27.7831711277,55.5229021408,3.83101286464,,41.7977029421,36.2277392807,32.1743854449,24.9749921116,6.47452201594,51.1621829358,19.6112362349,14.2922154793,33.1271096806,19.010502535,14.6105244776,21.9222993267,,34.0042782187,12.6464782489,4.25086581733,32.6053895154,24.1128032154,22.462736405,9.18850934484,41.5255318532,26.6101037398,59.088663607,25.6939228342,37.7395764611,20.0506190172,26.7401614605,,34.3215519452,16.3680584235,34.993425719,49.2919515491,41.6395845,44.049632809,32.170622711,14.2471169882,37.6337139968,,50.5460593718,14.0636022889,5.52251070137,12.8262900642,43.8001045249,37.1707944304,24.9846754512,51.7902700641,32.5118086118,29.7168412833,37.7928997765,20.8197737217,,11.6721450316,41.3661173583,42.1515253577,42.4936832981,9.74018541863,17.5005061848,39.7350349039,
1ecbb52d73c522f184a6fc53128b1ea1,,,,148.683177721,,,2.70651085128,,,,150.238441087,174.578312754,,184.246866674,182.587919085,,,,187.098182844,,,,,,200.628974122,194.096867988,,,175.2004181,,,166.704164844,,,,,197.12963155,,219.292134506,,,125.354227242,179.943971364,,,,177.144497307,,,154.321007421,116.02264705,182.432392748,,213.809831143,,,167.282297849,218.825555496,,189.431077892,209.493975304,150.798335898,,,213.109962629,
2301bc920194c95cf0c7486e5675243c,24.2287814264,,54.7452704581,36.3314096435,23.9821610928,43.0585771704,,2.95709130703,13.0215402183,29.3715888224,29.848063274,48.3686906604,27.0807946329,25.7835851079,52.028225359,19.7936583772,,42.4586898724,18.577118895,7.26485735974,,,,49.107440759,7.228318978,26.948825962,39.9702684879,6.60586396669,22.483238718,43.0273753029,31.0275041375,40.8781534774,57.5851813632,34.6823730459,,69.2869829236,23.0388358295,14.3140029132,6.66831873046,29.9543724155,27.4584310763,35.1690789932,26.1672439104,33.3603991854,14.8283252856,,28.0033213386,42.7697425454,44.1694795742,77.1410629183,,38.0261892813,27.3726352291,16.2715943658,23.7372071127,21.0646699916,24.6146077188,13.5383066446,,34.1769124522,16.0679246849,75.585799553,40.0324790225,77.9186946009,7.41208906126,14.0054147533
2350be163432e42270d2670cb3c02f80,14.5331585169,,,32.3610170488,27.3726352291,39.3092815576,,12.7330770684,3.8662806768,26.4022327451,25.5285372388,34.7834651646,30.1032333376,15.017792614,45.1615154208,7.02909880809,,32.634609615,13.8834967451,9.3833413006,,,30.3276356231,34.1691361354,16.147149053,16.6747273698,27.5268655128,6.28230843141,19.6686018865,48.8888664383,18.3583287639,34.2676361485,,23.3756083803,,44.0217295545,14.1073919905,20.9960554314,18.6201529784,30.1669250754,29.7683389898,29.5789883941,20.3413867586,31.0714174561,,,19.1719860016,26.9585463581,44.7915849203,41.4088871008,,96.1152759748,,20.915301372,11.9365589542,26.4847212351,20.398808209,16.1821265,,36.7197680545,14.9161511629,85.8505377639,33.3770627215,,17.022577203,22.3189441527
2407d482f0ffa22a947068f2551fe62c,35.2792053624,13.0109329492,47.877227437,7.65404019916,38.0441346278,32.3109394867,94.9954863518,30.3666086933,26.4309483463,3.48715041845,5.82613637268,38.266901634,38.026477293,30.6550861817,44.6510869714,30.2556326895,47.4977431759,40.2618803689,15.2761080427,38.4150051226,14.3451157874,21.9261345028,21.4029323957,12.588996043,25.5178582415,40.8723212398,33.7178461555,25.4034325373,7.73250427481,38.612770832,36.3653901877,9.27465374448,21.2902165023,46.7512167605,18.0399029904,17.6012438117,20.3113238981,47.8443447259,33.4078685281,13.9709627366,30.197012201,4.18320306798,17.7551729481,6.47457273224,34.993425719,17.2208582521,26.094183379,32.4798669383,18.5450240102,67.6695090237,66.5691601928,47.0423063516,28.1670159018,19.4019036185,34.312220365,32.1498158092,9.93970026357,37.3929749112,26.2523595863,11.5941025732,44.4183217126,74.6785625899,40.7095257375,19.0297273183,38.1586153825,41.3855581503
2920ece99323b4c111d6f9affc7ea034,32.1448380815,14.2752592565,78.8518526201,6.08080140576,31.8063321766,26.5450311498,176.211339287,27.8037798878,24.60266757,5.67847456836,4.13150965498,33.0395070911,37.0028259869,26.328167134,38.8657343145,26.2490724819,45.7247429395,34.597697596,12.2726649961,34.6014993509,18.5460582007,18.9228514322,14.9647927028,11.9014765902,24.4706676671,33.86163835,28.2838329295,23.2421831547,7.58642762226,40.7771559355,32.2015471337,14.4720458153,17.2152549462,48.328253813,24.1246568443,16.935097941,16.1944383241,39.5814526466,31.5725081296,18.4563376412,29.3281446845,5.68544463041,12.1541409246,12.5546465804,,23.4875873426,21.3318212485,24.2592833412,14.9201203705,66.3475351632,112.212251805,38.2483697621,29.5551881517,18.4989295225,29.9150334009,28.9240104359,7.13009222003,32.9731386075,24.1829314545,16.6993811742,38.5427588991,78.9510006596,34.6283163193,16.5396357815,33.5220929457,43.9750716535
307afa4120c590b3a46cf4ff5415608a,38.5705314592,,,31.3284475987,,6.38068441028,,47.7077037302,51.7902700641,37.8211772922,31.4834418714,3.25650794372,63.2992189672,22.8840340666,7.48491446051,32.0403694041,11.6994686654,11.3559437304,26.5117307008,,51.9457964007,15.3407290194,11.5322778536,37.7345774003,50.6704804411,31.4377718873,9.08753026365,42.6142162089,33.5192582292,63.2811779122,25.6431823669,41.0589528436,28.9278985944,16.2525021673,,53.1900070929,19.4883662846,83.517642716,54.6184566761,45.7247429395,48.5755406881,35.0939196595,17.3878222376,43.0419136344,54.5897441216,51.7902700641,17.052840695,7.27042700233,21.3855261204,30.0943461183,,22.0771856508,,38.5888286752,25.9592896459,79.7850106393,24.9317248436,49.1307697095,8.12837189731,42.925268882,42.2254003676,30.3942897673,4.63256115278,21.5426194141,62.055008275,
364bf755f9b270f0f9141d1a61de43ee,38.5860840928,39.519242112,39.9125015629,45.3067932914,5.80571516613,49.0701144382,,26.6105561801,30.6710377742,38.7244489025,38.7102197926,66.3475351632,3.36049248768,40.9120668591,66.9540878757,35.6266400891,,56.3377084112,28.4714542928,33.5936886902,41.8754661104,64.8544823325,50.8571120449,52.8167438852,18.9809996603,43.2518741887,55.6614619678,24.01326636,27.3090319213,26.0967408658,50.6627041243,34.7579144094,,46.3546246024,23.608897885,48.524216997,33.0381680569,45.2581639299,29.1633889435,21.5531319804,5.86006940694,45.9355366706,34.6440053153,36.4242680151,15.8881261788,33.1815438984,38.4053233507,51.0257353361,62.0270135344,,,76.6641154863,5.93288900012,15.2982616891,36.3076232627,8.03507996153,32.3980661904,38.6171893601,,30.3832661973,41.0589528436,97.219512964,59.7298895439,95.1821179556,31.5507904421,
38d5ad2d22b61109fd8e7b43cd0e8901,15.0417195383,48.8601538839,63.983534848,31.494873959,38.3922743504,19.5455975946,181.69364265,26.6332029975,15.0824177197,28.5089032377,25.3583915394,20.0139482751,40.1176568185,4.05345458148,25.9210176153,9.04396735278,22.5765918264,16.5141842707,14.3463814568,24.6287062917,50.8600281637,24.2085015485,18.7941449495,37.1608972999,23.1279737445,7.35466796472,9.39415373457,20.4769862832,24.021500584,49.3625637687,6.37266352954,38.8751886567,34.9986099302,10.5577134721,49.6517829368,47.8455566194,8.82717066324,31.2395855055,32.0045205836,35.1361440043,35.7752186414,31.5462302129,13.2509395519,31.4117715671,37.233004965,49.5444697646,5.29275330034,15.6842034421,29.1525258728,47.0855983841,149.071993563,52.3639894388,43.951742703,26.0131321874,7.50717761308,36.4144920739,18.126959116,30.1554840575,20.879410679,37.1214317236,23.1584078069,55.3397266778,17.8557463754,32.6152450613,34.1208360309,37.1513536383
3a43dcdff3c0b66b1acb1644ff055f9d,40.281321161,42.6142162089,115.245015368,38.5869026525,66.7207983709,14.5525544456,182.199103244,51.6206049697,41.9629496747,43.313074812,40.2223284126,7.38482472024,67.342903717,28.8560043445,2.99949894298,36.7803240536,4.50421971017,7.5799273981,34.6120158937,47.5910589778,49.3018486796,23.9715970397,20.0226750838,44.8382428213,51.2962452304,25.5437954164,9.46189580302,43.2985320896,39.0371104687,61.5819490014,20.0106684186,52.9882431968,35.3266964401,13.3441596742,,41.8754661104,24.4320623845,59.8387579795,59.3081065003,50.6238225402,54.1076124784,43.1585583868,24.0484940122,53.0733623405,,,18.8161322761,12.4610911693,28.4161667774,29.5719090583,102.180803099,32.5901036507,,48.9625184908,27.1464151032,58.4390209507,32.8687661973,52.4901385785,18.5649332235,53.2833228948,54.9290743104,28.2805727612,5.56965193746,29.394477604,60.3086696963,68.4937986073
3e12208dd0be281c92a6ab57d9a6fb32,9.04026984139,40.592373834,,31.7632633449,,26.694151586,191.76397294,18.9759654659,6.63884936518,28.4150124951,25.9138540702,34.8126263528,37.4313010441,8.94007392672,32.4830476753,4.34514605858,26.0506613686,27.0004446168,14.2396724627,14.3112507122,44.3250059107,37.948426113,,42.2067372072,22.870759407,10.9268502677,21.804170276,10.9671633226,24.1409262881,48.3617187902,11.7255943614,41.8704670496,51.9069148165,17.6005643165,,8.86500118214,13.0414687744,20.587798798,27.3758008094,37.4263019833,32.7393664347,32.6768609364,19.2089464398,34.6975163998,35.8915903124,,15.714225804,25.1549448749,39.8468842609,72.8951939311,10.7313172205,,39.8614000524,26.2170383798,5.6645726424,30.2091963361,19.8740361803,18.0741621288,,39.7891913961,18.2437755725,58.6756431627,27.7540840334,41.4963706651,25.0402956323,26.1199412821
445ff793ebd3477d4a2e0b36b2db9271,,,,42.4586898723,,18.6990510765,,58.7889552079,34.0602676998,9.79815920132,47.9021116509,11.5346027318,,22.6595110308,4.20125748544,,3.53666889267,7.40109282828,38.4241537307,,,31.2607936423,,,51.3236910545,21.7045642978,12.9157553108,,54.2786914486,,17.0301338499,77.4521155914,,11.9444226454,,,29.0834249309,,59.7221132271,,57.8557971887,55.0563231312,30.5275980558,,,,20.9960554314,16.933821669,41.9921108628,36.159873243,,,,64.3879033229,34.0602676998,,37.5666796506,,,,,27.061582556,8.1030875867,43.8584269011,75.585799553,
44c097b7bd219d104050abbafe51bd49,31.5640699985,38.8310380728,,36.8915947474,57.7002708522,14.9789378695,,41.9267898014,37.5259128988,40.433312808,33.594984743,11.4438429314,51.4470012213,17.2424366683,7.67831562237,27.3013076334,7.15203277087,3.47069646757,25.6950043462,,50.8571120449,27.2873465929,15.0171786943,42.3187161695,36.3034360151,15.4972024714,5.5088004422,34.0136097989,35.4360216954,62.9126902779,11.315426892,50.4351623319,32.1612911308,8.15895281333,,43.4198426321,17.3138379305,,53.030239129,45.7247429395,46.4158630974,41.9221240114,19.2422503561,44.0295058713,,59.2555342175,12.7259077855,10.0804445222,27.3009654434,40.0869132403,105.151356127,44.7635901797,,36.6319414174,22.5124372126,40.1257948244,27.8581075335,45.9580324443,24.2621084985,50.1572435305,34.993425719,32.3417016812,4.24712243907,29.8348115443,49.9264097048,55.9894811504
4725c39a5e5f4c188d382da3910b3f3f,22.0422466081,25.9288722835,51.7436121631,18.493743095,27.6240339648,22.5377435493,179.010813345,18.690347195,13.7604481841,15.0069737988,12.3419184117,26.5718939905,28.8858472563,14.5474949668,32.0235089354,14.6653141714,42.3738573252,23.0993252076,4.47617796664,21.8069206365,29.1279740002,31.0243021247,17.2494474858,23.6844392485,14.2809084677,23.7988733052,16.6836340447,13.7333064226,9.40512339257,36.5955494605,21.1753769966,24.8109060291,29.2652226081,24.7162847749,33.1413099114,28.6587183965,6.76214843176,29.174518928,23.3429413422,19.6353539732,21.9303005679,17.7926298197,8.14126532308,19.4910612597,26.4041303152,31.4993851813,11.8004856044,19.6805302239,27.8191204408,48.4042395374,113.035626528,49.9852908169,25.838727719,12.4312193535,18.1045923369,22.4249221226,7.12771572011,28.3854364052,42.0787612503,23.0622816929,27.1181941425,55.3456021171,24.6449219953,29.8985191618,27.9350396701,31.8284647706
49ac89aa860c27e26c0836cb8dab2df2,17.0937582603,,,38.9593473005,,,,6.60468509126,8.57184091948,28.4613195848,7.46526415338,,,25.0397401811,46.3468482856,18.4965250229,45.2581639299,,20.0212385721,4.42485175485,,,,,14.8061072375,27.9947405752,32.1939516615,6.02311085102,21.9680950347,59.3073763296,39.1926368053,52.7234280833,,,,,25.584082359,4.80640294807,11.5398954701,,34.993425719,36.3931627477,28.0613947194,,,,28.3835564165,29.2778328515,28.4613195848,,,105.680145671,,21.0404915275,,,25.7000897084,6.04575682761,,,7.57648356846,75.7413258895,,,10.6675402336,10.171422409
4b7f6f4e2bf237b6cc58f57142bea5c0,,7.15127702115,44.5582954155,17.9356780093,40.1257948244,42.3314410516,,42.925268882,,14.6824573733,19.103229222,43.547374228,36.3931627478,27.061582556,50.1572435306,49.7684276892,,63.6880348086,30.6252808534,43.3918478915,3.25261251951,31.8206884538,,12.5572368078,39.1926368053,,46.3468482856,,19.451744625,29.3555960198,49.7684276892,5.48130048751,20.9960554314,,10.333169799,11.8637433583,38.6777910016,52.7234280833,43.6251373963,18.4298708787,42.1787424666,7.51333465234,36.2854906686,11.0787929232,,3.81545437396,47.0778220673,41.3700055167,26.7914578663,75.585799553,,46.5023746221,43.8584269011,31.9217805725,60.1886922367,,25.1728348345,76.9855365818,35.9265837382,12.364343754,,69.986851438,48.0576379874,26.8282930512,59.8554215155,
4b9e4cf2fbdc8281b8a1f9f12b80ce4d,,,,13.6382816321,,10.582283731,,,33.1271096806,21.3725738415,18.6251060671,17.0268011427,62.5215872846,28.4123287888,20.5286719752,22.5390988702,25.4441086561,27.7815988004,31.3951962525,,36.1598732429,4.15243826438,6.8504776937,17.2426865098,33.5936886902,38.1428340337,22.3170572523,,27.9107563535,54.0231838957,27.4815036647,27.2969928745,14.8088120434,,,19.5963184026,24.3699165272,72.3197464859,51.2070463021,,55.3673758043,20.5035553657,21.659429152,29.705530277,,,23.259872548,11.1854125108,5.53349403176,,,16.5562228845,,21.7292510179,,,25.9941770309,,7.85125224313,38.1195050832,,68.3538249044,19.4045025876,6.56725104662,58.2446130301,
4f4041f7db0c7f69892d9b74c1a7efa1,,,,16.113003354,46.1913219491,5.06060077052,,43.3918478915,,24.5202484071,14.9250659184,9.50858397473,44.3716638117,17.9862619126,16.7738349693,,,14.714519506,17.8809543968,,,6.16805172279,4.98660573604,29.8351355574,33.6870044921,30.7942146327,11.3941066083,33.5936886903,21.2352783109,45.7997288518,13.9307161434,34.1909098225,12.4809885064,,,32.1939516615,14.4661390182,,55.1829660053,28.4613195848,39.7309972009,25.378252973,10.872215278,24.9419807696,,47.1244799682,13.0972616149,5.05954469187,7.49234103361,,47.6377168788,32.6605306711,,31.1457041533,27.8547668723,,15.8072171841,,,37.186347064,,41.9921108628,11.9316977633,11.924084586,47.5094076511,
4f8d81b5c31af5d1ba579a65ddc8a5cb,47.1244799682,5.63383170577,54.5897441216,6.95667762504,74.0694177718,32.9085542498,165.635548403,37.948426113,,12.0640911955,11.3225191274,38.7927119399,57.7858103373,42.1277103874,44.9782165241,40.2784934094,,40.5075412868,22.7365979976,,12.163669481,15.1426096747,20.8135407012,3.13163267787,34.993425719,58.0346524757,36.8597417573,,17.6707114577,45.2301691893,53.6565861024,13.7829742757,5.48837769314,,22.6319980838,7.19258886436,28.3234153856,55.7561916456,49.1960907708,25.4063379744,41.9668378331,9.59675112412,22.8979500698,17.7071833362,,15.5324614251,33.9986553434,29.8299513462,13.3904082953,,78.8518526201,39.641719102,10.886843557,29.8823569596,34.993425719,41.0589528436,17.2857820623,,27.8281052146,21.523706978,,,27.3415299618,11.2350104695,95.6486969652,
52a4e8aaa12f70020e889aed8fd5ddbc,32.9534386048,34.767912531,,29.583053287,18.3442329592,35.304478392,,7.65090788635,15.7069993451,24.5337746318,24.6084893394,35.7492837145,18.9504362553,23.6747678629,41.712163457,23.3119839699,51.0904015497,34.9649125573,14.5229424294,16.7149338079,67.4206668853,38.352794588,77.4521155914,34.7204769984,5.19106231115,32.8676917513,29.7454261633,7.22749787771,16.7940478148,39.0916248547,32.6516434518,30.1454903559,45.2581639299,33.5936886902,32.3728069485,41.5255318532,18.2532464675,20.0369763561,10.2653047422,16.1522740837,14.3342989366,28.4687848489,21.302202421,25.8971636364,11.8903418966,35.4040152474,23.4032473715,31.5466973758,42.067586879,51.0904015497,,68.5871144092,16.6651043895,5.6741064521,28.5835954632,13.9885719406,19.3030454413,22.9941114254,48.2442695912,22.3095767736,26.2777298199,75.7257732559,34.9288224715,44.5582954155,13.8877794247,19.4563446998
52d7b69796362a8ed1691a6cc02ddde4,8.01503166856,,,42.2116774555,40.592373834,27.0097404438,,26.3109989319,15.7762027616,41.5804235014,38.6927307236,26.3205453055,42.5053477733,8.25014814229,26.6679065167,10.6201549605,20.6850027583,17.1097267398,24.1092439819,28.181372179,42.3031635358,33.3603991854,25.6618455273,52.9567175881,27.7281239983,3.04828067753,15.2520365319,19.4563446998,35.6679366785,63.3303242345,4.90340806876,57.337376067,43.5784794954,7.82949679958,,53.0733623404,17.2758054273,32.753846473,35.3097504712,,46.2788055134,46.0746771967,22.6991837373,44.4249871271,,83.0510637064,13.3195426221,21.2034238801,30.514267227,59.5665868905,128.931332982,58.2290603964,48.9907960066,40.0991331667,4.99216327372,46.3468482856,29.186717894,22.7179541572,47.1244799682,50.1572435305,21.4057345618,58.0890866936,22.5991730541,34.410201957,34.9059421547,27.8392142387
52e56004d92b8c74d53e1e42699cba6f,23.9012873978,38.4927682909,,34.0101882195,18.5231866806,11.027399444,176.833444633,35.9869645512,26.8032977471,34.6280233533,32.7664340362,10.1677827055,50.5426032311,9.71887932994,9.80374775213,20.5142732855,11.2799120716,5.30658044979,17.6776097371,34.993425719,42.4586898723,16.6508888601,13.5474131552,39.2112999657,27.6429147815,15.1481874147,4.13109107709,29.6320087361,25.9287412254,67.7582905301,11.1871827686,47.4233127149,19.8296079074,13.3855284204,,40.1257948244,11.2135901793,,35.9620091815,30.6542409298,43.327551028,34.6350389435,12.3883080538,42.7827030735,45.7247429395,49.15876445,6.68914420295,6.91984615786,22.6751529741,42.1087556152,135.914465493,41.5535265938,44.7915849203,29.1084608777,18.0744766543,38.7260577957,20.2875204166,39.1659751476,37.3263207669,39.1926368053,31.053165983,49.9239540258,7.26323252872,24.6038460974,43.6674550274,44.0917164059
58c7a4888306d8ff3a641d1c0feccbe3,21.0738185996,31.2607936423,,31.2520452859,32.060643373,38.7260577957,,6.06358843068,5.8800682508,25.6258800619,24.4512396327,39.1926368053,26.8562877918,19.1670657138,46.059124563,12.3541747243,,33.7686558188,13.9173853145,7.18354492861,,,33.3137412845,35.1987204832,6.52100606906,18.8860814658,24.0547400498,4.51666778496,17.3574710453,35.4600047286,20.5605816891,33.0512905916,51.479217391,21.462634441,,,18.6017346148,21.0077199066,12.2253954995,31.3774383947,28.3028587891,26.6649903979,21.4992942203,26.3325528535,20.5294764218,,22.1879527195,33.8106479297,41.6655055561,72.5530359907,,,32.3339253643,18.1188182056,24.106582162,25.1286123734,20.0410505362,13.3057355204,53.1900070929,31.8393516142,13.616581612,68.4937986073,45.2581639299,41.9921108628,12.8943835099,12.8205543412
62afaf3288e236b389af9cfdc5206415,28.6289196764,20.6125000397,45.2385184979,14.5210341732,28.1858462243,28.1670714602,178.075711246,21.8207017268,17.9368064354,7.67313341068,8.12102552726,31.5761028256,26.6456178191,23.374682897,38.356629484,23.2101849132,42.925268882,32.5443685866,9.50609384238,22.7814977747,19.6583215688,28.4255630625,20.3545092932,18.664667213,16.0479514121,31.1352999776,26.407276258,16.6747104279,4.10505560346,32.1667044965,31.1985831077,13.9691654698,23.9572768789,31.7242621252,22.2659279692,23.7866422697,14.9506796063,36.5468593627,25.352584257,12.857611083,20.4576398381,12.3612257814,13.0451341643,10.1124874392,28.9945527386,24.4616454792,20.102617602,25.6384162372,22.5855838079,80.5432015299,82.2578793901,48.472004584,21.0378217782,10.7551131874,26.1730969952,22.1570241867,6.66217411108,33.7322485173,28.6835000655,13.7246100246,32.0735441751,65.3346698965,31.6980818585,24.2653262848,28.8268283807,40.5146106658
693a21b16653871bbd455403da5412b4,59.7739553393,41.5838542294,27.363486621,52.1713865818,26.7026756256,78.986914965,196.896342046,50.3202266092,53.9524654744,38.4492427705,49.8139685502,74.4971151973,27.8969545552,59.8497841003,109.438698804,52.746188035,,70.1968119923,42.4888622732,76.9855365817,33.8936323393,67.8460771587,73.223743317,52.8626492394,42.7095861322,79.0552332141,72.1428733973,48.9190146205,36.104177108,5.39650027359,69.4917063666,28.4551285485,52.2101911727,68.7870768419,16.7562722573,45.7636245236,51.4831092917,50.763796243,49.6138673548,20.9936627185,29.7915940082,38.9202409673,53.5828186701,29.2710185533,,24.3825159848,55.2991998759,87.9075536699,64.8857364289,102.647382109,123.428093382,79.3897145339,30.6053612241,34.7132438514,55.289612636,27.673417295,42.2997779285,70.4015883354,71.9050095885,21.5640646605,45.6080981871,144.260397527,70.5806792684,67.2356441745,51.3773979909,60.0953764348
73ff8ef735e1d68f0cdcbb84d788f2b6,12.6736071861,,66.2542193613,41.3289021277,,22.9567981741,,32.2334314238,18.6287808775,35.5548757939,38.6812662108,21.6671058305,47.9909838432,6.94900460832,19.3839204953,12.3791894498,13.9424786394,10.7835858817,22.138923156,23.6788847365,60.6552712462,32.3105964138,27.9947405752,,30.9108593851,4.65224321566,11.6793068903,22.8390425193,32.0032628489,60.1062271094,4.2712782263,40.9656370417,,4.71689403996,56.45606016,,15.8161171379,34.1769124522,39.2812868171,47.1244799682,39.98970928,40.6919106894,21.0408124549,36.9530575592,,,10.4823565858,17.5456232108,30.871977801,62.055008275,,52.4279280439,,34.2493549826,6.10377130574,,26.9542343027,29.9893658412,,43.8584269011,30.4891437418,47.8243484826,16.8331338236,36.4553732824,34.1477512641,34.5268467094
74c1c25f4b283fa74a5514307b0d0278,48.3655801337,8.37652926665,39.18295309,13.214149165,35.1657010456,41.1480270182,173.100812557,37.8874434179,30.4131751082,9.15279628677,14.5016172905,46.6734535923,34.4978866329,40.301506494,50.0622310777,44.1990295781,62.9881662942,48.8436441651,25.534687982,41.6188476551,5.38025142679,27.4599692488,29.739746071,14.0108670604,33.0472728279,50.472184362,45.0404270587,31.9606621567,14.2063696098,27.8676770682,62.6440642746,3.72913021797,26.2150749243,,10.2883221226,17.207882687,31.7428379112,53.2833228948,46.0732006808,13.5972545729,38.2311231557,5.78108337331,29.3526077409,5.48755748401,37.4662944698,6.98219269859,37.2445817374,40.3414108819,23.2766445167,75.2055376602,90.9871484967,49.8697142159,22.1309402577,28.8492535757,45.2581639299,37.8658027468,18.9488824087,51.0624068092,34.0602676998,7.87807629456,45.2581639299,80.2679199143,50.9888520006,23.5966194901,42.2239269602,48.3842432941
74ec84f1cf75cf89ae176c8c6ceec5ba,48.9907960066,9.79815920132,59.7221132271,12.393444816,,25.1579401969,146.50580901,44.8849007222,45.7247429395,19.5274216891,18.3057849955,31.2607936423,53.6565861024,43.6542985844,40.9714692793,45.1026375934,,33.6636755417,30.4186754299,,22.0847397871,14.0403687453,14.4639492972,5.27371959885,40.1257948244,39.8925053196,,36.3931627478,23.6038432791,48.4192367198,,26.1284245369,3.04020018171,,,11.9874914771,30.6142484433,6.53210613421,48.3686906605,38.4150051226,50.2505593325,17.8989039658,29.0034843939,26.6283306185,,19.5963184026,33.1710229992,20.7085125534,9.62097645067,63.9213243134,6.9986851438,23.3213843332,,39.2043012805,40.1257948244,,22.8922004713,,17.5744760278,27.1782273084,,,31.7273726519,5.84375233719,60.6552712462,
7f84bdfc2b6d4541e1f6c0a3349e0251,17.3300774989,,,49.4573750162,48.524216997,26.478358794,,34.8378993825,22.4624466044,42.6919793771,37.8862155784,19.4690695818,43.6251373963,10.6482410407,13.1374969296,14.3411653473,10.4647006436,7.66855929328,26.0653733193,38.2594787861,,,,51.0437436488,35.5377678968,7.25771121318,12.2295067008,24.7286875081,36.2154183631,62.9881662942,4.78789962665,48.2909274922,,2.81464735864,,,18.5613015856,35.4600047286,35.5533205305,,50.1572435305,55.9894811504,25.4434468419,,,,16.1685795401,19.789777992,38.8593660841,,,,,41.175597596,9.13812060239,23.7955294889,28.4946466569,31.2607936423,,52.7234280832,9.33158019173,40.3590843292,13.2925381667,,35.4600047286,
825a21aa308dea206adb49c4b77c7805,,18.9223709443,20.7627659266,22.5760616229,24.2621084985,,197.829500065,80.2515896489,,17.6821632506,24.5897065265,,24.9153191119,56.4560601599,65.3210613421,53.1900070929,,6.53210613421,34.5268467094,,10.1199378286,,,30.6542409298,36.2376364112,,56.9226391696,43.8584269011,22.4730696086,17.615269821,49.9239540258,10.4166251121,,6.53210613421,3.31184464099,27.0615825561,42.1113477208,,34.0602676998,12.4471239009,27.485745292,15.6487027919,37.0930312621,10.9474634814,,7.57991961543,45.569216603,69.2869829236,38.7260577957,,107.779751214,62.5215872846,6.37657979768,28.8670404627,,27.6836879021,27.3890851301,,,8.1157301844,,,,42.6142162089,41.0589528436,
825c426141df01d38c1b9e9c5330bdac,61.1218502558,6.61186322987,,14.105877034,,32.8938201759,,47.1244799682,,16.6919649136,15.922394943,,51.3236910545,50.9089541571,40.5923738341,,,41.5921859974,30.5772011399,,12.0473092988,19.129739393,28.9278985944,6.70272084667,43.1585583868,47.5910589778,32.4272411663,54.123165112,23.0956609745,41.4088871008,59.7221132271,16.8996883407,10.6535540522,,27.2948720608,3.53822415603,33.0377647639,,56.3394154076,39.0371104688,52.1402043213,13.7733866915,30.4702014316,22.1130173028,,15.1256431653,42.0195566869,29.8610566135,17.6317752044,,,28.5546353867,,35.1975540357,,61.8994819385,23.3669680283,,27.1782273084,26.0117797845,,69.8313251015,33.7492150268,18.9223709444,,
82cc4851f9e4faa4e54309f8bb73fd7c,21.1910749725,28.8393682182,53.6565861024,21.6780230918,29.4184927,16.2177761258,186.631603834,22.3402177159,13.901311847,19.4371709515,15.8319077957,19.3576317136,30.9421761682,9.10166954782,23.5009627727,13.3449878096,24.2564185106,15.932063981,6.69614619957,25.7994863351,32.3087048773,25.3036636613,13.8949892294,27.5773230613,17.887385314,16.8520029848,10.7920407204,17.415970453,14.895970066,42.0807352853,15.3114167843,29.1491688903,33.2394569948,19.6202411809,53.0904702375,34.7387842934,4.39847121535,35.5578358112,27.8924126115,25.2863983327,25.4752139234,21.4229013604,5.76931228265,23.8612154724,21.1578028214,38.2976534323,5.95935773411,13.5326160206,27.9379010702,55.1411556784,96.815144489,50.9504278469,27.4698391894,16.3230017429,15.4411543961,25.0587265131,9.95475457806,29.4609899308,28.7735686143,26.9298913208,29.5646417133,54.3666610326,17.6519208673,29.5098651075,30.6136034032,31.4496470509
8316146a6f78cc6d9f113f0390859417,17.7300023643,,,,,52.2568490737,,12.6352605983,18.7964686719,,,,41.8365845262,34.126921844,50.3905330353,25.9728982003,,,29.7746530932,5.94274317474,,,,,16.9301526336,30.6506518605,,15.7970321817,32.8938201759,,43.3918478915,42.925268882,,,,,29.994364902,3.39688043208,12.5698867763,,40.1257948244,,38.2594787861,46.8911904635,26.5950035464,,34.2352348284,57.7891430445,,,,80.7181686585,,31.0275041375,28.22803008,,32.2828238538,5.24800540178,,,8.20451920753,8.39842217256,52.7234280833,,10.3319378064,6.04453106919
87285a66236346350541b8815c5fae94,34.0224369693,,,40.0123026329,22.4552812839,66.4097456978,215.092923419,6.802658462,19.3334450838,34.9589877445,32.9758477759,35.7399521343,28.1619912048,33.6539362711,60.2604736227,27.264442995,57.3892181791,64.8878094047,23.8019934299,11.9343007234,48.1509537894,73.4861940099,36.8597417573,61.1218502559,10.1242479999,37.4818471034,46.9988625426,12.5410782274,25.231060788,43.3656496049,40.1257948245,41.3122385917,51.4792173911,42.4586898724,41.0589528436,87.2502747927,29.0025222558,13.1075889105,3.00551996681,27.2694222967,27.4043626017,37.0957758445,31.8904443255,34.8707327202,8.39698524445,,33.653754034,52.8177366065,50.8571120449,90.9829068693,116.48922606,79.7461290552,30.0651849302,15.3616363975,29.5364799112,13.879711233,28.6937434513,15.5796539603,,31.1335448215,18.0608696908,95.3598623402,51.6072275296,,4.57575360246,10.4643595991
8bb37d24db1ad665e706c2655d9c4c72,,25.4332218126,31.6755305397,22.0089834103,19.3314219327,39.8400151811,,40.6347901076,29.3211580453,14.424482106,19.2181265435,45.7247429395,20.310688697,33.4914383966,50.975551332,40.892317483,56.7360075658,46.4246114539,20.6058961732,35.9965705896,17.9683818219,74.6526415338,,31.8890089516,16.2343929363,47.8843372124,39.1770841716,28.2413609088,13.4455798261,19.0637184632,,14.1129919875,44.991547353,,12.4592966753,41.3922235647,27.3040441268,42.4586898724,26.013007624,3.56795277842,15.149480659,17.3799267195,24.804895413,7.95523947327,,16.4785708064,33.7478626238,38.9532614873,37.277207187,84.9173797447,,60.8419028501,5.79677761511,11.1953847402,44.5582954155,15.1949230789,18.4887238411,,43.1585583868,5.61399836608,50.8571120449,75.9124048597,41.4088871008,35.4288994613,33.2137600682,
90c5a34f06ac86aee0fd70e2adce7d8a,43.7184531983,55.6045534675,39.3481631418,38.3184649942,8.3462940855,43.5357756538,210.478032852,28.7020919605,29.0408981983,30.7479330051,31.1748562991,52.1168753708,5.95259480865,37.3925448844,57.5611611845,43.5326401541,58.7422973069,45.3818860043,21.9568111026,36.2065311439,39.4632526308,49.7256579467,37.3636470877,47.2244611846,13.5220657394,50.1297977065,39.5403492577,29.5248452684,20.4045577163,29.3066531348,43.582923105,37.4174494797,52.9287228475,49.4573750162,30.6386882962,49.8876645472,26.9554665625,41.2766897147,26.7773462624,15.7166866526,3.44319199612,38.3734272276,29.3961052051,29.7506865444,10.2710403444,34.9267715747,33.0163228585,43.4015682876,48.8056224622,87.1654422455,145.339361486,76.6132660954,7.02071828886,10.0774055702,40.2132783887,3.9639910951,25.7318323787,43.9617408247,55.1340862995,21.5327318562,43.2349076792,81.9965951448,49.2650879092,55.0429923024,32.6508841008,41.9921108628
91690261186ae5bee8f83808ea1e4a01,43.6018084458,7.84449418877,49.3199934189,6.07338427635,34.5875019806,29.0652801916,126.419582647,33.91292696,28.862577533,4.64223200146,6.32371508507,39.0153367816,41.5114259762,31.661129953,43.7674439943,30.9323220196,42.4586898724,42.0131069182,17.6083885319,34.6434914618,7.24642262405,19.0774503661,22.2960163335,9.81183344356,28.6575220401,42.5312688294,35.3603264856,28.7091896836,12.4115890348,37.5776819939,39.1646420647,6.01155659065,18.6115911245,43.5668150202,15.5918647344,14.715572889,22.5385928022,25.4285560225,35.4851282137,16.2105986984,34.7773932461,3.57758827804,19.620069673,6.6873529059,,11.6570001182,27.7373732894,31.3366127314,15.4443535893,71.3399305658,82.2734320238,37.7579063508,27.985408995,23.7788806344,40.592373834,27.9226329101,12.7181946656,40.592373834,26.6136667068,12.4440740538,71.3865884667,71.9698122287,36.3429157775,15.8501158907,41.3125283923,
929ec6c160e6f52c20a4217c7978f681,29.2806778455,29.3992630297,37.2174523313,15.485160949,28.7117988426,14.3866170902,177.891023722,25.1285761484,20.9881216992,17.4308888648,12.0821242057,16.9911031309,33.5136769484,13.6294009899,23.2327232244,20.130369766,27.6318457899,17.689874463,8.7189641763,26.2256284972,31.7826709049,24.2848542252,10.6067989473,22.9657684802,19.765171996,22.7272617179,12.2676542843,21.761536619,13.2804730605,44.2685933353,19.5299957843,27.8307128905,26.6017492671,24.6079258821,43.89235992,32.1926906371,5.89787195318,42.4586898724,32.0353147982,22.8494109417,27.9622923228,19.1329780622,4.12198896115,22.8960021152,31.8306865754,24.9503125376,8.05698017439,11.9559810928,19.292240192,49.2882401252,88.7772606422,49.9050923211,35.6162072666,18.2050198134,21.2015139075,28.1395666998,8.11706576498,39.8564514871,29.7596263941,25.7966789529,34.4584151213,46.6540128002,17.5194902629,24.1513160258,36.3453236341,31.183030474
a5609739c6b5c2719a3752327c5e33a7,44.7915849203,15.3499251693,38.8621433401,13.5953240552,34.2702282541,40.3336345651,176.096249798,37.0363752395,28.7363556325,6.47033162107,12.8289601694,46.3196311767,36.0164250155,35.8821744107,55.1263099826,32.68754314,60.6552712462,45.4389632961,19.5904295413,40.2657685273,11.2389846068,30.5422619675,25.7951538157,18.1112712172,26.5705978752,50.0590163706,42.8678437731,27.9597471495,10.0344143117,26.0108571706,44.5726516927,5.57161077847,28.0270421989,44.3250059107,11.1525632999,24.0946584762,27.0651643747,41.758821358,36.5214719754,8.06868038201,28.1102591024,6.73234273842,23.0804399535,3.3544521516,,12.4948731084,32.355262819,37.0783426637,26.3899915574,79.3702737419,,52.3388156565,13.3003295248,21.0265889107,44.9115623799,27.8884642452,13.6705614568,46.2690851173,37.4196365688,4.62291208243,45.9580324443,76.8805563046,38.2069886475,24.689805924,37.0821113279,45.7247429395
a735449c5c09df639c35a7d61fad3ee5,,,,,12.3881911256,,,12.8109265203,23.3756083803,,38.7260577957,,14.8772049914,30.3276356231,57.1559286743,36.5486890843,,,25.419807666,,,,,,13.4348833705,,,,27.8780958228,39.0371104688,,44.7915849203,,,,6.53210613421,34.7497677918,,9.2407120174,23.7755332456,10.883605834,39.8458474187,,,3.92093003413,,34.993425719,50.6393751738,,,,,18.299228756,14.2578769013,,8.18994282145,31.5485173649,23.3172860041,,38.5860840928,,,,,10.8388579922,16.8528338263
a814069db8d32f0fa6e188f41059c6e1,,10.4656263956,49.1463223431,20.8297098715,26.5950035464,42.925268882,192.697130959,87.6002090499,,17.4489635457,22.2229854196,,32.7771754235,64.7767191643,56.9226391696,57.3892181792,,61.5884292654,34.946767818,,3.98536237355,,34.993425719,15.2397725341,37.4040839352,,46.4246114538,,25.0110905928,25.1252796662,,7.01006088366,24.7286875081,,7.28236518163,14.4376631558,42.7000238428,,43.0807952185,15.5679672354,37.2874391828,11.5731880421,41.0589528436,12.0102300432,,3.33675968653,47.1244799682,42.6142162089,30.8408725337,78.229747274,92.2789596738,52.4123754102,28.1502669117,30.4442803755,,35.9265837382,27.6623829245,8.39842217256,,10.9079997131,62.9881662942,75.585799553,48.524216997,28.6362867134,47.940993235,
b05379ac3f9b7d99370d443cfd5dcc28,22.6776365285,34.6668204123,57.8557971887,25.8148230023,31.0537492068,14.2399044089,176.833444633,25.7341270296,18.7856373735,25.1326382224,20.5316557717,16.465510582,34.227825319,5.7749098758,18.1633874013,15.9980377152,18.7583936334,11.6460038923,11.9728896007,28.6623074658,45.2438076527,21.2835689832,12.6133867568,31.3589570183,23.2610572517,13.2178127878,6.45273087201,21.0369530977,19.8244225925,44.8658919478,10.6588528689,34.9179201911,28.9978854458,16.4851417112,38.2501472059,41.7550887259,5.93825370997,38.0553504694,31.0586912608,31.9530272274,31.1664346759,26.2334988824,8.14822352043,29.3297174573,40.2790993561,46.1166693076,4.32614778204,10.1496388511,24.4029782379,41.5488608037,98.9147500323,46.2613088005,31.0461672979,22.2955153684,14.9852735772,28.7539035054,14.5448553432,33.717433558,34.6536978776,34.3911146339,32.0861558213,52.4172356082,12.9835997223,25.3222529698,33.3231777139,40.0247027057
b26a240205c852804ff8758628c0a86a,26.3617140416,35.5066626295,65.3677192431,26.0364877862,50.9815331142,5.39208352412,139.157189609,39.1286982003,29.7608793556,31.7537330479,24.39807622,7.55793139903,48.2598222249,16.643982404,12.5574106334,24.3344880628,15.4577976687,9.56333496825,20.0530100207,43.1772215471,43.5473742281,12.377412852,5.18446718998,33.1676283841,37.2150596185,21.4197091721,6.59224827435,34.4283466963,25.0912593614,68.5824486191,18.451302259,41.0122949426,22.4802210428,19.3798775843,60.1886922367,31.6599779061,14.1384319144,43.951742703,47.6300992623,33.178009209,43.6065533171,31.8179166973,12.449827167,36.9432348433,69.8313251014,44.2223585286,10.4988075135,4.34594610762,16.3318805579,44.190631156,85.3684061207,33.6783055615,,30.377761341,24.3258742965,40.3990768158,19.3192630652,39.7658624456,19.8995947589,35.7385382585,40.115426402,40.5413756632,7.58426480218,17.7881783245,49.5760193929,50.1922369563
b702e920dcd2765e624dc1ce3a770512,52.4026550142,22.0205851733,,11.432580942,65.554350847,11.1776009302,,49.6731678081,37.9212090041,18.9890410908,15.1700504069,21.8493846981,60.6202778205,28.7487322547,27.5789177957,38.6394074082,29.6219348711,26.5374132503,28.6119907598,,27.3065365361,5.66439250755,7.44083087389,13.3261855229,39.3775403387,33.707741337,22.619349642,39.6592158149,22.9969355609,54.3918502658,36.3739506709,22.9434765262,10.2841240189,39.8925053196,35.8488205699,18.7619653502,28.2468746318,25.1952665177,54.8357585085,32.4116885326,47.5726413853,16.1634395345,19.273535973,25.6005129639,,30.4034547122,24.9208223515,15.6254606127,3.40568891093,61.3884668327,61.4951134635,23.4878847635,44.0683874554,36.1301818514,,45.4370192169,22.3398045327,52.1013227371,10.3732214419,32.4567911702,47.5910589778,54.5690072768,24.2870650502,5.29694395514,49.0374539075,60.7019291472
ba32abfc048219e933bee869741da911,71.8531674763,,,75.585799553,,,,,71.3865884667,90.0497488502,66.1609035594,39.8925053197,103.580540128,55.2242915747,30.2022860385,,29.8610566135,39.3259450937,61.0907449885,,,,,,,67.6539563901,43.0185846839,,67.9650090631,107.379826349,,81.4303155678,,,,,60.877451727,92.8492229077,92.4992886505,,89.116590831,69.1470092207,53.1900070929,77.9186946009,,,53.1433491919,41.712163457,55.5229021408,2.80519544329,122.710279521,73.4225695995,,65.6709955993,,,61.5807804292,79.2017868773,,81.1847476681,,3.53848674886,36.3931627478,,81.9179432546,
bf44d327f0232325c6d5280926d7b37d,,,,77.4521155914,122.710279521,93.3158019173,65.3210613421,,164.702390384,86.8925642187,109.490540916,,122.710279521,106.846593195,,,,,98.0776523975,,,,75.585799553,84.4508007352,103.113961119,,127.376069617,,100.221171259,94.5081704973,,95.6911132389,,,,61.8217187702,110.379262839,,116.178173387,,122.127055759,86.5504062783,105.192358525,91.449485879,,,95.1821179556,85.8505377639,75.585799553,78.6821875257,2.96971765304,59.2280883934,,104.746987652,,16.7968443451,91.9021371569,,,,,76.7310389402,,,118.324436831,
c4ec24e0a58ebedaa1661e5c09e47bb5,70.6089567841,46.1913219491,,34.7106505617,,24.3687551292,175.589233941,,69.0536934188,44.6150415113,42.7322017056,23.184150097,83.805823869,54.216480914,29.7414209701,51.7902700641,,36.7042154208,60.1674840999,,70.4534304476,16.3453162713,30.0943461183,37.0930312621,62.7082188884,52.2568490737,45.7247429395,68.5871144092,45.6136526991,83.0377328775,53.0344807563,51.5745399844,28.7314442745,,60.8885607511,42.925268882,53.6016944543,79.7850106393,76.4856305001,,76.2979464624,37.6062681727,53.4732872058,54.6321603952,,,50.584940956,34.473523394,22.7123996452,75.6635627212,55.872836398,2.99331085325,,62.45937675,,72.7863254955,52.1101024497,,12.1581584241,52.956717588,,81.2059558048,24.2346626744,22.9580799845,84.3174924467,
c9f855e3e13480aad0af64b418e810c3,,,,39.2444789175,11.9783556643,41.5255318532,,,,25.064624395,32.0306490081,,6.03254610038,44.9782165241,68.867061815,41.8521371599,,50.857112045,27.1670421952,,19.9322552895,,,,19.1105976901,49.2940723628,47.1244799682,31.2607936423,20.1871164992,27.9344267032,,24.0417243706,,,,,33.6916702822,48.9907960066,27.1341615131,14.5732620937,7.12180621662,28.2591353473,33.4439945913,18.8381275121,19.8879302836,25.5335362996,35.4677810454,49.4573750162,53.4232965976,,,76.2016838457,3.23799733581,13.6552123472,,11.4853192111,26.0817666359,,,12.0867890612,46.6579009587,,,,32.2900120458,
ca064c2682ca48c6a21de012e87c0df5,36.6311180426,28.8579117429,41.3762265701,25.6731841792,15.2508792032,33.6456789227,,15.8554698402,20.0620529253,18.5293482024,19.2892412623,43.6917915406,15.9054095838,26.8881513192,45.114407154,26.9855867325,,37.239485229,12.278159559,24.1454637461,38.1754945644,43.9672953367,28.8987374063,32.6952528299,5.67591458428,36.4204532181,30.5846365202,16.8604397033,10.890833084,31.9059441317,33.714221601,28.5162927552,38.4036941163,35.6839626532,28.4972102778,37.1824589056,16.9419285151,31.63405685,15.1534802246,10.8816988822,10.2490392959,23.6344436137,18.1791266196,20.7781704399,15.8276324934,30.8991949099,22.7084747941,31.0228692467,36.138304968,82.4211820435,73.2062466041,68.6137760669,13.45241419,3.81295926498,32.3290140063,10.1613172263,14.3470452242,37.9708910283,50.2972172334,17.7460487323,38.3743290038,71.1712443085,34.9891840916,37.0440404661,20.5798446926,29.0431710556
cb6041cc08444746caf6039d8b9e43cb,8.10925169336,,,32.2095042951,,24.7520164585,190.830814921,20.2495290161,12.1898837765,28.186755783,31.472782801,28.4613195848,35.2267152238,7.52560087671,27.7268339181,5.16640192733,,21.6376015696,16.9965320644,19.6896342046,41.5255318532,,32.6138727701,,27.6638936411,5.48796809474,15.9914884025,16.407113643,25.2052322829,52.9193912673,6.53693961655,45.1804007616,,10.5653227652,,,14.1918087036,,30.2850945958,34.993425719,41.9921108628,33.6603428344,20.0930600957,24.116302558,,54.5897441216,14.4179305455,20.1562132141,34.5268467094,57.6225076839,,56.2227706552,38.7260577957,29.7453705851,5.08426220136,42.4586898723,22.5809376176,19.7383207099,,45.4914534347,18.9158906803,57.8557971887,24.8240319144,17.1078970182,27.7962467931,
d05052b4bda7662a084f235e880f50fa,42.2720582685,41.3389002494,37.948426113,37.5009116221,6.09413307304,44.1477058871,208.560817285,21.1546922946,28.5107220682,31.7422183476,29.7988460789,41.9921108628,8.14646389271,35.0625793936,63.2014595557,36.9063996583,,45.9813613948,20.8282280194,,40.5923738341,51.6969542622,,40.5457159331,13.0886016257,41.5861871245,39.2882855022,27.0149246551,21.5775165616,28.1216398113,43.3918478915,34.0087831194,49.9239540258,,28.5800851509,49.9986066673,26.4204426433,39.1926368053,18.8776013322,15.4272977229,3.89945377455,36.1386651062,27.3889654944,29.5738189108,7.31200001811,39.2859526072,31.0226439395,40.7556764874,38.107840608,76.6122733741,121.777121502,76.9055516087,10.8658969464,9.89178635243,41.6188476551,3.12521103432,25.7073880999,24.2621084985,,21.5363048109,53.812112439,78.3852736105,51.0904015497,45.9580324442,20.7279201525,36.3931627477
d4ec2125aff74eded207d2d915ef682f,27.1219220971,20.91466564,48.6819651383,13.2354892914,30.6131960094,20.7754574757,165.177203141,24.2967560027,20.1629984318,9.95945893864,6.95547413011,24.1990111329,33.5751409381,17.9557419507,30.1404253166,19.7753432207,35.2943691802,25.2750715654,7.12078331411,28.2153935651,24.8890941538,26.3901490665,15.8177209356,17.7638562932,19.1889958386,27.4044528307,19.3486621205,20.5876668896,6.61783176419,36.876981001,25.6052994671,19.3120911308,23.2957988129,29.5586844802,28.3617229116,23.2618545353,9.7534899463,49.6407888337,28.9132695138,18.3393226814,26.4417076042,12.676804159,7.4846373283,14.3489024181,32.5205569682,25.1301398643,14.3103844961,18.4022133092,21.8387728535,62.0472319581,98.2017589833,48.3223799165,26.2660177346,14.44019945,24.1924471673,26.4177891336,4.46286612857,32.5841082471,34.6391511919,17.9661953275,36.1709105959,58.7509778467,25.1605218951,23.4837403402,31.63865588,38.1013603439
d524868ce69cb9db10fc5af177fb9423,13.4344325695,,,52.7700859842,,,,12.9940500113,14.6939530343,47.2800063048,41.467209477,,43.0807952185,29.6277671087,51.0320791735,19.242849456,52.0235595689,52.7234280833,29.0809948319,6.34301885138,,,,,22.0750193911,25.28413871,39.0371104688,12.352065359,36.6031233021,39.3003088844,28.9278985944,47.924329699,,,,11.1978962301,32.9521425521,4.35367217393,14.9223679743,47.5910589778,43.4851636935,48.2909274922,39.1435232253,43.0807952185,,,37.1067541742,45.3405014022,69.5202724283,79.7850106393,,,48.9907960066,34.6116792566,20.1562132141,41.0589528436,39.7369789831,2.85892234832,,,3.2518425389,95.1821179556,50.5460593719,,13.8068301685,10.3373171679
d5cb17978de290c56e84c9cf97e63186,,,,18.2712340154,,11.0890277945,,,,28.0822241395,25.1661053296,8.88794769081,,37.8706629448,17.9077467489,,,22.3957924601,39.5156530427,,,5.68378066224,20.0628974122,26.3617140416,63.4547453038,,26.8282930512,,32.5730471068,62.903333747,,35.576649481,21.0893712333,29.8610566135,,,41.1989265465,,68.1205353996,,59.2555342175,21.9292134506,30.5609251279,,,,37.0347088859,19.5496605017,10.9355706925,,65.7876403517,12.9196742057,,,,,33.8002072682,,3.74677083456,31.8828989884,,41.5255318532,13.126422803,8.46507631679,64.8544823325,
dd8d3b9665536d6e05b29c2648c0e69a,49.3174013133,18.0984388925,39.8558455403,18.5107624503,27.5063878785,40.6545843686,8.49173797447,28.7552643608,35.990738352,11.4870170536,17.3976838452,,29.510225089,42.8794750162,54.142810544,42.8177528493,,48.524216997,24.2019090803,42.5053477733,12.7380555954,35.231899435,,23.9821610927,25.6525139471,,44.9442835053,30.4559448508,14.0157861676,20.1929891468,38.2594787861,7.96408797734,31.9539967423,46.9611773149,8.58607473703,26.871940765,30.500187032,38.7260577957,32.2415244232,5.72495203253,20.8890279198,12.8092852002,27.2490049717,4.60720878575,,10.9726073589,35.5281970454,39.1070973202,29.6915329067,80.2515896489,143.473045448,56.7996319761,9.28953047852,17.8354083522,46.529591731,21.4455644772,17.8166379944,52.6534412318,46.6579009587,3.68490063916,,66.8763247076,46.6485693785,33.3603991854,36.0432284906,43.8584269011
de092beab9305613aca8f79d7d7224e7,12.7726003874,,,49.64400662,60.1886922367,,209.027396295,15.0197272351,14.2725322676,24.7870098843,51.5031445197,48.9907960066,37.7928997765,34.2066454283,49.8772961248,19.7201046705,47.7465853143,45.9580324442,31.4037775323,8.10773604357,,,,,23.0956609745,23.6525455989,29.5111223564,11.9133173781,31.1531215632,59.6637908509,33.1271096806,54.0298493101,,34.0602676998,,,30.4018641019,8.36712723899,17.6783688723,,42.7099247237,44.7915849203,35.0867415209,52.2568490737,,,34.1875165206,39.8147421514,60.6552712462,,,76.0523785626,,35.4241140355,19.6454319826,26.3617140416,38.2594787861,3.6428921198,,49.2240855113,2.71017271943,,,51.3236910545,17.1711801482,15.0860546433
f2c8c4bb99e6377d21de71275afd6cd2,69.0536934188,,,79.5517211345,91.2161963742,42.925268882,,,65.7876403517,74.1277401481,66.1375746089,33.5936886902,89.5831698406,57.2725734267,30.5918927613,,,41.5255318532,60.7485870482,,,42.4586898724,,66.2542193613,73.2529045051,57.7002708522,42.8319530801,,70.9491706452,108.588488164,47.7077037302,75.6246811372,,,,64.6211928278,53.1666781424,,83.0510637064,75.2747468799,76.4152733478,70.297904111,51.5718713788,81.0514393796,,,46.1135587808,37.642927952,53.0344807563,3.57187272904,100.407802863,76.8818523574,,69.8935356361,61.5884292654,76.5189575722,59.5032752845,78.8518526201,50.6238225401,77.6854050962,,2.4214385146,31.8828989884,,84.5804060156,
f47f35242ed40655814bc086d7514046,36.0198995401,,,34.5964381549,54.123165112,10.1756489684,,41.5255318532,41.9721146195,38.4901272776,32.333303259,4.39840156601,55.3642652775,19.88868063,5.75023420726,31.6962673846,7.79988628156,4.87226355045,25.8049632935,69.0536934188,48.0576379874,18.7681406606,13.0892075725,40.419073059,34.1419190265,22.552955916,7.15513339104,34.9700967685,33.5562093927,62.7678373174,19.2285443598,35.1800573228,31.4318726125,12.8450081677,,48.3686906605,18.5992478625,,51.5903076314,46.8911904635,45.3592560486,37.6739973837,18.4736447603,44.9704402073,,,14.0730957467,7.46578526277,22.5327364292,34.5268467094,96.1152759748,28.1502669117,54.123165112,35.8662029252,27.6308089477,,26.2351477816,44.6360585838,16.2284662789,50.2350066988,40.1257948244,31.1394830998,4.68328238701,23.2542978378,54.1626448744,53.6565861024
f9280c5dab6910ed44e518248048b9fe,,20.2828560882,,11.5286741946,,16.4867065329,15.3971073164,50.3905330354,41.3622291998,18.9072023263,15.9332760889,24.4277440469,80.0183001441,31.4245364645,30.0251118137,40.3590843292,37.1707944304,28.3287129189,30.2159311191,30.9108593851,24.9978677059,7.10430947173,13.3286070405,11.244847577,40.0674724483,38.5037466205,25.5037270851,,25.1329330373,54.2054526828,43.3918478915,23.5225807683,6.08355680959,41.5955187046,34.5268467094,18.6249857372,30.4555615112,,48.156786027,34.8897414946,45.8507192721,15.6266998836,24.8929099408,27.4107123666,,28.818115298,27.6253655259,17.6796039565,5.15379627255,75.585799553,,21.4656585642,,27.905940054,34.5268467094,,23.7295127751,,9.13549090527,31.4041000524,,48.815828878,26.3483832128,3.41911719854,25.1952665177,69.5202724284
fc34648599753c9e74ab238e9a4a07ad,33.6233127543,,,42.5391345292,24.7888912513,57.5058629315,212.137923025,7.5359859264,18.535521528,40.0300863097,40.9936317823,52.7234280833,34.184688769,36.3892086883,62.4079334233,24.8875948519,59.0377973463,53.7499019044,28.1368401776,11.6709624344,42.925268882,62.055008275,46.6579009587,46.3079667014,13.6315853498,36.9383234853,47.057825824,13.1689948426,28.5037358584,47.8895536237,36.743097005,43.6555664622,,41.2236277882,57.0115113619,55.5229021408,33.4440791165,10.5841467183,4.296232184,31.8255998118,33.3528737175,41.6188476551,35.7754384252,39.6771611614,10.3681970348,47.1244799682,38.3514323135,46.83416414,54.5179627355,84.2852404415,106.380014186,79.7850106393,35.6084616862,21.9459567165,31.5051921711,17.3558152378,33.3496827064,14.7081987116,,35.3266964401,18.4354826537,90.7884989487,48.8041644028,60.5386264939,3.32891976275,6.80386633395
fff4e8465d1e12621bc361276b6217cf,26.7505298829,,,48.8974802047,34.0602676998,,,14.1201542375,19.2108835686,47.8243484826,40.1257948244,82.8177742017,36.2998469458,33.2204254826,60.9663239193,32.1939516615,55.5229021408,,33.2691119879,10.0264850996,,,,,19.9073710757,45.2581639299,42.6142162089,12.7975956915,34.2756118581,57.9724419412,39.8925053196,47.1244799682,,,61.1218502558,,33.7774925425,6.36150676066,9.80590682325,36.7042154208,32.0384253249,50.3905330353,40.1257948244,45.3748086823,18.1965813739,,31.8051358202,45.2581639299,55.0563231312,109.646067253,,92.6936965712,,29.2195104754,,31.2607936423,43.3369562434,10.2998570611,,46.4246114538,14.7019998123,84.4508007352,,,6.58585350005,3.39080980468
